review_reasons,confidence,skeleton_similarity,target_text,original_target,substitutions,source_line_id
edge_case_skeleton,0.875,0.875,Praise be to Father Lugalbanda.,Praise be to Father Enki.,"[{""from"": ""Enki"", ""to"": ""Lugalbanda"", ""type"": ""DN""}]",etcsl_1.1.1_42
edge_case_skeleton,0.875,0.875,Praise be to Father Nisaba.,Praise be to Father Enki.,"[{""from"": ""Enki"", ""to"": ""Nisaba"", ""type"": ""DN""}]",etcsl_1.1.3_116
edge_case_skeleton,0.875,0.875,Praise be to Father Nisaba.,Praise be to Father Enki.,"[{""from"": ""Enki"", ""to"": ""Nisaba"", ""type"": ""DN""}]",etcsl_1.1.3_116
edge_case_skeleton,0.875,0.875,Enki be praised.,Nisaba be praised.,"[{""from"": ""Nisaba"", ""to"": ""Enki"", ""type"": ""DN""}]",etcsl_1.3.2_261
edge_case_skeleton,0.875,0.875,Lugalbanda be praised.,Nisaba be praised.,"[{""from"": ""Nisaba"", ""to"": ""Lugalbanda"", ""type"": ""DN""}]",etcsl_1.3.2_261
edge_case_skeleton,0.857,0.857,Holy Ninisina -- sweet is your praise.,Holy Ereškigala -- sweet is your praise.,"[{""from"": ""Ere\u0161kigala"", ""to"": ""Ninisina"", ""type"": ""DN""}]",etcsl_1.4.1_381
edge_case_skeleton,0.875,0.875,Praise be to holy Enki.,Praise be to holy Lugalbanda.,"[{""from"": ""Lugalbanda"", ""to"": ""Enki"", ""type"": ""DN""}]",etcsl_1.8.2.2_884
edge_case_skeleton,0.875,0.875,Praise be to holy Nisaba.,Praise be to holy Lugalbanda.,"[{""from"": ""Lugalbanda"", ""to"": ""Nisaba"", ""type"": ""DN""}]",etcsl_1.8.2.2_884
edge_case_skeleton,0.875,0.875,Praise be to holy Nisaba.,Praise be to holy Lugalbanda.,"[{""from"": ""Lugalbanda"", ""to"": ""Nisaba"", ""type"": ""DN""}]",etcsl_1.8.2.2_884
edge_case_skeleton,0.875,0.875,Enki be praised!,Nisaba be praised!,"[{""from"": ""Nisaba"", ""to"": ""Enki"", ""type"": ""DN""}]",etcsl_2.4.2.24_1812
edge_case_skeleton,0.875,0.875,Lugalbanda be praised!,Nisaba be praised!,"[{""from"": ""Nisaba"", ""to"": ""Lugalbanda"", ""type"": ""DN""}]",etcsl_2.4.2.24_1812
edge_case_skeleton,0.889,0.889,An adab of Bau.,An adab of Inana.,"[{""from"": ""Inana"", ""to"": ""Bau"", ""type"": ""DN""}]",etcsl_2.5.6.4_2414
edge_case_skeleton,0.889,0.889,An adab of Enlil.,An adab of Inana.,"[{""from"": ""Inana"", ""to"": ""Enlil"", ""type"": ""DN""}]",etcsl_2.5.6.4_2414
edge_case_skeleton,0.855,0.855,"Say to Aradĝu: this is what Šu-Suen, your lord, says:","Say to Aradĝu: this is what Šulgi, your lord, says:","[{""from"": ""\u0160ulgi"", ""to"": ""\u0160u-Suen"", ""type"": ""RN""}]",etcsl_3.1.02_2618
edge_case_skeleton;compound_phrase,0.862,0.862,Say to Aradĝu: This is what your lord Šu-Suen says:,Say to Aradĝu: This is what your lord Šulgi says:,"[{""from"": ""\u0160ulgi"", ""to"": ""\u0160u-Suen"", ""type"": ""RN""}]",etcsl_3.1.06.1_2644
edge_case_skeleton,0.855,0.855,"Say to Šarrum-bni: this is what Šulgi, your lord, says:","Say to Šarrum-bni: this is what Šu-Suen, your lord, says:","[{""from"": ""\u0160u-Suen"", ""to"": ""\u0160ulgi"", ""type"": ""RN""}]",etcsl_3.1.16_2703
edge_case_skeleton,0.862,0.862,"Say to Šarrum-bni: this is what Šulgi, your lord, says:","Say to Šarrum-bni: this is what Šu-Suen, your lord, says:","[{""from"": ""\u0160u-Suen"", ""to"": ""\u0160ulgi"", ""type"": ""RN""}]",etcsl_3.1.16_2703
edge_case_skeleton,0.889,0.889,"Speak to Sn-illat the general: this is what Lipit-Eštar, your lord, says:","Speak to Sn-illat the general: this is what Iddin-Dagan, your lord, says:","[{""from"": ""Iddin-Dagan"", ""to"": ""Lipit-E\u0161tar"", ""type"": ""RN""}]",etcsl_3.2.02_2766
edge_case_skeleton,0.889,0.889,"Say to Nanna-ki-aĝ, the general: this is what Iddin-Dagan, your lord, says:","Say to Nanna-ki-aĝ, the general: this is what Lipit-Eštar, your lord, says:","[{""from"": ""Lipit-E\u0161tar"", ""to"": ""Iddin-Dagan"", ""type"": ""RN""}]",etcsl_3.2.04_2774
