{
  "consolidation_timestamp": "2026-01-02T21:52:08.281459",
  "schema_version": "1.0",
  "stats": {
    "oracc_literary": {
      "corpus": "literary",
      "texts_processed": 896,
      "texts_skipped": 19,
      "lines_extracted": 38607,
      "catalogue_matches": 915,
      "catalogue_misses": 0
    },
    "oracc_royal": {
      "corpus": "royal",
      "texts_processed": 1790,
      "texts_skipped": 93,
      "lines_extracted": 24275,
      "catalogue_matches": 1881,
      "catalogue_misses": 0
    },
    "glossary": {
      "sux_entries": 3565,
      "qpn_entries": 973,
      "total_entries": 4699
    }
  }
}