{
  "name": "graph_augmented",
  "total_records": 2302,
  "chunk_count": 1,
  "chunks": [
    {
      "chunk_index": 0,
      "record_count": 2302,
      "file_size_bytes": 40598,
      "file_path": "graph_augmented_chunk_0000.parquet"
    }
  ],
  "created_at": "2026-01-03T12:58:46.038418",
  "schema": {
    "source_text": "object",
    "source_original": "object",
    "target_text": "object",
    "target_original": "object",
    "source_line_id": "object",
    "template_line_id": "object",
    "match_type": "object",
    "skeleton_similarity": "float64",
    "confidence": "float64",
    "is_compound": "bool",
    "substitutions_json": "object"
  },
  "compression": "snappy",
  "generator": "graph_augmentor.py"
}